sample-000001.wav,61484,i've got to go to him,even then he hardly understood what this meant
sample-000005.wav,148268,down below in the darkness were hundreds of people sleeping in peace,even then he hardly understood what this meant
sample-000006.wav,149036,strange images passed through my mind,even then he hardly understood what this meant
sample-000010.wav,152876,your son went to serve at a distant place and became a centurion,even then he hardly understood what this meant
sample-000018.wav,96812,i'm going away he said,even then he hardly understood what this meant
sample-000021.wav,77612,he wasn't asking for help,even then he hardly understood what this meant
sample-000027.wav,149036,it was dropping off in flakes and raining down on the sand,even then he hardly understood what this meant
sample-000032.wav,132908,i haven't heard the baby complain yet,what do you think of that
sample-000036.wav,110636,he didn't need to seek out the old woman for this,what do you think of that
sample-000042.wav,87596,i'm not working for any other paper,what do you think of that
sample-000047.wav,75308,never mind about that,what do you think of that
sample-000054.wav,111404,all they think about is food and water,what do you think of that
sample-000055.wav,94508,shakespeare never said that,what do you think of that
sample-000061.wav,109868,don't point the gun at me,what do you think of that
sample-000062.wav,87596,he's the man the ads are written for,he stood irresolute for a moment and then scrambled out of the pit
sample-000063.wav,106028,there was no excuse for goodman to fly off the handle,he stood irresolute for a moment and then scrambled out of the pit
sample-000067.wav,102956,i'm coming fatima he said,he stood irresolute for a moment and then scrambled out of the pit
sample-000074.wav,75308,i just got rid of one crowd,he stood irresolute for a moment and then scrambled out of the pit
sample-000084.wav,55340,do you know what,he stood irresolute for a moment and then scrambled out of the pit
sample-000097.wav,161324,he stood irresolute for a moment and then scrambled out of the pit,he stood irresolute for a moment and then scrambled out of the pit
